{
	"info": {
		"_postman_id": "540bc201-68e9-49af-935c-d453c827d358",
		"name": "ShoppingCartSpring",
		"schema": "https://schema.getpostman.com/json/collection/v2.1.0/collection.json"
	},
	"item": [
		{
			"name": "AuthController",
			"item": [
				{
					"name": "Login",
					"event": [
						{
							"listen": "test",
							"script": {
								"exec": [
									"const response = pm.response.json();\r",
									"const token = response.token;\r",
									"\r",
									"pm.globals.set(\"token\", token);\r",
									""
								],
								"type": "text/javascript"
							}
						}
					],
					"request": {
						"method": "POST",
						"header": [
							{
								"key": "Authorization",
								"value": "",
								"type": "text",
								"disabled": true
							}
						],
						"body": {
							"mode": "raw",
							"raw": "{\r\n    \"username\": \"Andy\", \r\n    \"password\": \"123\"\r\n}",
							"options": {
								"raw": {
									"language": "json"
								}
							}
						},
						"url": {
							"raw": "{{baseUrl}}/auth/login",
							"host": [
								"{{baseUrl}}"
							],
							"path": [
								"auth",
								"login"
							],
							"query": [
								{
									"key": "username",
									"value": "Andy3",
									"disabled": true
								},
								{
									"key": "password",
									"value": "123",
									"disabled": true
								}
							]
						}
					},
					"response": []
				},
				{
					"name": "Logout",
					"request": {
						"method": "POST",
						"header": [
							{
								"key": "Authorization",
								"value": "Bearer eyJhbGciOiJIUzUxMiJ9.eyJqdGkiOiI1OWU4Y2Q4Ny02NDEyLTQ5MTctODY2ZS1mZmNkNjIwZDAwNDciLCJhdXRob3JpdGllcyI6WyJST0xFX0FETUlOIl0sImlhdCI6MTYyNzU5NjM4MSwiZXhwIjoxNjI3NjAyMzgxfQ.Vhb3qzYm5wk333fwUoov8JxHFdZHQO9gwPfEodBL-zF0MjP80AlRExHnFIrcASE_vB408dwCRYR_Oogb6iehWQ",
								"type": "text"
							}
						],
						"url": {
							"raw": "{{baseUrl}}/auth/logout",
							"host": [
								"{{baseUrl}}"
							],
							"path": [
								"auth",
								"logout"
							]
						}
					},
					"response": []
				},
				{
					"name": "Register",
					"request": {
						"method": "POST",
						"header": [],
						"body": {
							"mode": "raw",
							"raw": "{\r\n    \"username\": \"Andy\",\r\n    \"email\": \"andy@andy.com\",\r\n    \"password\": \"123\",\r\n    \"confirmPassword\": \"123\"\r\n}",
							"options": {
								"raw": {
									"language": "json"
								}
							}
						},
						"url": {
							"raw": "{{baseUrl}}/auth/register",
							"host": [
								"{{baseUrl}}"
							],
							"path": [
								"auth",
								"register"
							]
						}
					},
					"response": []
				}
			]
		},
		{
			"name": "CartController",
			"item": [
				{
					"name": "addToCart",
					"request": {
						"method": "PUT",
						"header": [
							{
								"key": "Authorization",
								"value": "{{token}}",
								"type": "text"
							}
						],
						"body": {
							"mode": "raw",
							"raw": "{\r\n    \"productId\": \"{{productId}}\",\r\n    \"quantity\": \"10\" \r\n}",
							"options": {
								"raw": {
									"language": "json"
								}
							}
						},
						"url": {
							"raw": "{{baseUrl}}/cart/add",
							"host": [
								"{{baseUrl}}"
							],
							"path": [
								"cart",
								"add"
							]
						}
					},
					"response": []
				},
				{
					"name": "findCart",
					"request": {
						"method": "GET",
						"header": [
							{
								"key": "Authorization",
								"value": "{{token}}",
								"type": "text"
							}
						],
						"url": {
							"raw": "{{baseUrl}}/cart/",
							"host": [
								"{{baseUrl}}"
							],
							"path": [
								"cart",
								""
							]
						}
					},
					"response": []
				},
				{
					"name": "removeProduct",
					"request": {
						"method": "DELETE",
						"header": [
							{
								"key": "Authorization",
								"value": "{{token}}",
								"type": "text"
							}
						],
						"body": {
							"mode": "raw",
							"raw": "{\r\n    \"productId\": \"30fbb850-73cd-40ad-8193-a3216784e24a\", \r\n    \"quantity\": \"1\"\r\n}",
							"options": {
								"raw": {
									"language": "json"
								}
							}
						},
						"url": {
							"raw": "{{baseUrl}}/cart/remove",
							"host": [
								"{{baseUrl}}"
							],
							"path": [
								"cart",
								"remove"
							]
						}
					},
					"response": []
				},
				{
					"name": "emptyCart",
					"request": {
						"method": "DELETE",
						"header": [
							{
								"key": "Authorization",
								"value": "{{token}}",
								"type": "text"
							}
						],
						"url": {
							"raw": "{{baseUrl}}/cart/empty",
							"host": [
								"{{baseUrl}}"
							],
							"path": [
								"cart",
								"empty"
							]
						}
					},
					"response": []
				}
			]
		},
		{
			"name": "ProductController",
			"item": [
				{
					"name": "addProduct",
					"event": [
						{
							"listen": "test",
							"script": {
								"exec": [
									"const response = pm.response.json();\r",
									"\r",
									"if(response.id) {\r",
									"    const id = response.id;\r",
									"    pm.globals.set(\"productId\", id);\r",
									"}\r",
									""
								],
								"type": "text/javascript"
							}
						}
					],
					"request": {
						"method": "POST",
						"header": [
							{
								"key": "Authorization",
								"value": "{{token}}",
								"type": "text"
							}
						],
						"body": {
							"mode": "raw",
							"raw": "{\r\n    \"name\": \"Glock 17\",\r\n    \"description\": \"Handgun\",\r\n    \"price\": 100 \r\n}",
							"options": {
								"raw": {
									"language": "json"
								}
							}
						},
						"url": {
							"raw": "{{baseUrl}}/product/add",
							"host": [
								"{{baseUrl}}"
							],
							"path": [
								"product",
								"add"
							]
						}
					},
					"response": []
				},
				{
					"name": "findById",
					"request": {
						"method": "GET",
						"header": [
							{
								"key": "Authorization",
								"value": "Bearer eyJhbGciOiJIUzUxMiJ9.eyJqdGkiOiI3OGI4MDM1OS0xMjY1LTRlNWEtOTVhNi1lNGIxMjc3YTcxNmIiLCJhdXRob3JpdGllcyI6WyJST0xFX0FETUlOIl0sImlhdCI6MTYyNzc0MTkzMywiZXhwIjoxNjI3NzQ3OTMzfQ.JDC2D9DxDdyb3orpvAozFeFIDFl3xfoQiQ90TzXVhBKg3IxSDnxsK5DnfPI2GZR1Gk15TRPyooZnyEIg_2T7rQ",
								"type": "text"
							}
						],
						"url": {
							"raw": "{{baseUrl}}/product/:id",
							"host": [
								"{{baseUrl}}"
							],
							"path": [
								"product",
								":id"
							],
							"variable": [
								{
									"key": "id",
									"value": "f2b94b84-4ab6-460a-a50b-30fcaf404b90"
								}
							]
						}
					},
					"response": []
				},
				{
					"name": "getAll",
					"request": {
						"method": "GET",
						"header": [
							{
								"key": "Authorization",
								"value": "{{token}}",
								"type": "text"
							}
						],
						"url": {
							"raw": "{{baseUrl}}/product/all",
							"host": [
								"{{baseUrl}}"
							],
							"path": [
								"product",
								"all"
							]
						}
					},
					"response": []
				},
				{
					"name": "editProduct",
					"request": {
						"method": "PUT",
						"header": [
							{
								"key": "Authorization",
								"value": "Bearer eyJhbGciOiJIUzUxMiJ9.eyJqdGkiOiI3OGI4MDM1OS0xMjY1LTRlNWEtOTVhNi1lNGIxMjc3YTcxNmIiLCJhdXRob3JpdGllcyI6WyJST0xFX0FETUlOIl0sImlhdCI6MTYyNzc0Nzk3MiwiZXhwIjoxNjI3OTIwNzcyfQ.CakifX3tMdJ9KFoCyUxrXvjYFU_qySqblPogO5xEs6235oiC19gdrduVmCDS4acDyQOSaZiQf6vQpTHhdKZUyw",
								"type": "text"
							}
						],
						"body": {
							"mode": "raw",
							"raw": "{\r\n    \"name\": \"Макаров\",\r\n    \"description\": \"Handgun\",\r\n    \"price\": 1\r\n}",
							"options": {
								"raw": {
									"language": "json"
								}
							}
						},
						"url": {
							"raw": "{{baseUrl}}/product/edit/:id",
							"host": [
								"{{baseUrl}}"
							],
							"path": [
								"product",
								"edit",
								":id"
							],
							"variable": [
								{
									"key": "id",
									"value": "3f17da86-c661-456a-a241-c4acb7e7b1d8"
								}
							]
						}
					},
					"response": []
				},
				{
					"name": "removeProduct",
					"request": {
						"method": "DELETE",
						"header": [
							{
								"key": "Authorization",
								"value": "Bearer eyJhbGciOiJIUzUxMiJ9.eyJqdGkiOiI3OGI4MDM1OS0xMjY1LTRlNWEtOTVhNi1lNGIxMjc3YTcxNmIiLCJhdXRob3JpdGllcyI6WyJST0xFX0FETUlOIl0sImlhdCI6MTYyNzc0Nzk3MiwiZXhwIjoxNjI3OTIwNzcyfQ.CakifX3tMdJ9KFoCyUxrXvjYFU_qySqblPogO5xEs6235oiC19gdrduVmCDS4acDyQOSaZiQf6vQpTHhdKZUyw",
								"type": "text"
							}
						],
						"url": {
							"raw": "{{baseUrl}}/product/remove/:id",
							"host": [
								"{{baseUrl}}"
							],
							"path": [
								"product",
								"remove",
								":id"
							],
							"variable": [
								{
									"key": "id",
									"value": "3f17da86-c661-456a-a241-c4acb7e7b1d8"
								}
							]
						}
					},
					"response": []
				}
			]
		}
	]
}