{
	"info": {
		"_postman_id": "38cc9b40-0c53-40b2-9837-ca36693374a0",
		"name": "ShoppingCartSpring",
		"schema": "https://schema.getpostman.com/json/collection/v2.1.0/collection.json"
	},
	"item": [
		{
			"name": "AuthController",
			"item": [
				{
					"name": "Login",
					"event": [
						{
							"listen": "test",
							"script": {
								"exec": [
									"const response = pm.response.json();\r",
									"const token = response.token;\r",
									"\r",
									"pm.globals.set(\"token\", token);\r",
									""
								],
								"type": "text/javascript"
							}
						}
					],
					"request": {
						"method": "POST",
						"header": [
							{
								"key": "Authorization",
								"value": "",
								"type": "text",
								"disabled": true
							}
						],
						"body": {
							"mode": "raw",
							"raw": "{\r\n    \"username\": \"Andy\", \r\n    \"password\": \"123\"\r\n}",
							"options": {
								"raw": {
									"language": "json"
								}
							}
						},
						"url": {
							"raw": "{{baseUrl}}/auth/login",
							"host": [
								"{{baseUrl}}"
							],
							"path": [
								"auth",
								"login"
							]
						}
					},
					"response": []
				},
				{
					"name": "Logout",
					"request": {
						"method": "POST",
						"header": [
							{
								"key": "Authorization",
								"value": "{{token}}",
								"type": "text"
							}
						],
						"url": {
							"raw": "{{baseUrl}}/auth/logout",
							"host": [
								"{{baseUrl}}"
							],
							"path": [
								"auth",
								"logout"
							]
						}
					},
					"response": []
				},
				{
					"name": "Register",
					"request": {
						"method": "POST",
						"header": [],
						"body": {
							"mode": "raw",
							"raw": "{\r\n    \"username\": \"Andy\",\r\n    \"email\": \"andy@andy.com\",\r\n    \"password\": \"123\",\r\n    \"confirmPassword\": \"123\"\r\n}",
							"options": {
								"raw": {
									"language": "json"
								}
							}
						},
						"url": {
							"raw": "{{baseUrl}}/auth/register",
							"host": [
								"{{baseUrl}}"
							],
							"path": [
								"auth",
								"register"
							]
						}
					},
					"response": []
				}
			]
		},
		{
			"name": "CartController",
			"item": [
				{
					"name": "addToCart",
					"request": {
						"method": "PUT",
						"header": [
							{
								"key": "Authorization",
								"value": "{{token}}",
								"type": "text"
							}
						],
						"body": {
							"mode": "raw",
							"raw": "{\r\n    \"productId\": \"{{productId}}\",\r\n    \"quantity\": \"10\" \r\n}",
							"options": {
								"raw": {
									"language": "json"
								}
							}
						},
						"url": {
							"raw": "{{baseUrl}}/cart/add",
							"host": [
								"{{baseUrl}}"
							],
							"path": [
								"cart",
								"add"
							]
						}
					},
					"response": []
				},
				{
					"name": "findCart",
					"request": {
						"method": "GET",
						"header": [
							{
								"key": "Authorization",
								"value": "{{token}}",
								"type": "text"
							}
						],
						"url": {
							"raw": "{{baseUrl}}/cart/",
							"host": [
								"{{baseUrl}}"
							],
							"path": [
								"cart",
								""
							]
						}
					},
					"response": []
				},
				{
					"name": "removeProduct",
					"request": {
						"method": "DELETE",
						"header": [
							{
								"key": "Authorization",
								"value": "{{token}}",
								"type": "text"
							}
						],
						"body": {
							"mode": "raw",
							"raw": "{\r\n    \"productId\": \"{{productId}}\", \r\n    \"quantity\": \"1\"\r\n}",
							"options": {
								"raw": {
									"language": "json"
								}
							}
						},
						"url": {
							"raw": "{{baseUrl}}/cart/remove",
							"host": [
								"{{baseUrl}}"
							],
							"path": [
								"cart",
								"remove"
							]
						}
					},
					"response": []
				},
				{
					"name": "emptyCart",
					"request": {
						"method": "DELETE",
						"header": [
							{
								"key": "Authorization",
								"value": "{{token}}",
								"type": "text"
							}
						],
						"url": {
							"raw": "{{baseUrl}}/cart/empty",
							"host": [
								"{{baseUrl}}"
							],
							"path": [
								"cart",
								"empty"
							]
						}
					},
					"response": []
				}
			]
		},
		{
			"name": "ProductController",
			"item": [
				{
					"name": "addProduct",
					"event": [
						{
							"listen": "test",
							"script": {
								"exec": [
									"const response = pm.response.json();\r",
									" \r",
									"const id = response.id;\r",
									"pm.globals.set(\"productId\", id);\r",
									" \r",
									""
								],
								"type": "text/javascript"
							}
						}
					],
					"request": {
						"method": "POST",
						"header": [
							{
								"key": "Authorization",
								"value": "{{token}}",
								"type": "text"
							}
						],
						"body": {
							"mode": "raw",
							"raw": "{\r\n    \"name\": \"Glock 17\",\r\n    \"description\": \"Handgun\",\r\n    \"price\": 100 \r\n}",
							"options": {
								"raw": {
									"language": "json"
								}
							}
						},
						"url": {
							"raw": "{{baseUrl}}/product/add",
							"host": [
								"{{baseUrl}}"
							],
							"path": [
								"product",
								"add"
							]
						}
					},
					"response": []
				},
				{
					"name": "findById",
					"request": {
						"method": "GET",
						"header": [
							{
								"key": "Authorization",
								"value": "{{token}}",
								"type": "text"
							}
						],
						"url": {
							"raw": "{{baseUrl}}/product/:id",
							"host": [
								"{{baseUrl}}"
							],
							"path": [
								"product",
								":id"
							],
							"variable": [
								{
									"key": "id",
									"value": "{{productId}}"
								}
							]
						}
					},
					"response": []
				},
				{
					"name": "getAll",
					"request": {
						"method": "GET",
						"header": [
							{
								"key": "Authorization",
								"value": "{{token}}",
								"type": "text"
							}
						],
						"url": {
							"raw": "{{baseUrl}}/product/all",
							"host": [
								"{{baseUrl}}"
							],
							"path": [
								"product",
								"all"
							]
						}
					},
					"response": []
				},
				{
					"name": "editProduct",
					"request": {
						"method": "PUT",
						"header": [
							{
								"key": "Authorization",
								"value": "{{token}}",
								"type": "text"
							}
						],
						"body": {
							"mode": "raw",
							"raw": "{\r\n    \"name\": \"Макаров\",\r\n    \"description\": \"Handgun\",\r\n    \"price\": 50\r\n}",
							"options": {
								"raw": {
									"language": "json"
								}
							}
						},
						"url": {
							"raw": "{{baseUrl}}/product/edit/:id",
							"host": [
								"{{baseUrl}}"
							],
							"path": [
								"product",
								"edit",
								":id"
							],
							"variable": [
								{
									"key": "id",
									"value": "{{productId}}"
								}
							]
						}
					},
					"response": []
				},
				{
					"name": "removeProduct",
					"request": {
						"method": "DELETE",
						"header": [
							{
								"key": "Authorization",
								"value": "{{token}}",
								"type": "text"
							}
						],
						"url": {
							"raw": "{{baseUrl}}/product/remove/:id",
							"host": [
								"{{baseUrl}}"
							],
							"path": [
								"product",
								"remove",
								":id"
							],
							"variable": [
								{
									"key": "id",
									"value": "{{productId}}"
								}
							]
						}
					},
					"response": []
				}
			]
		}
	]
}